order_id,customer_id,quantity,unit_price,status,timestamp
1,8270,7.0,33.38,cancelled,2026-04-01 00:00:00
2,1860,7.0,78.43,completed,2026-04-01 01:00:00
3,6390,3.0,22.34,completed,2026-04-01 02:00:00
4,6191,3.0,58.18,cancelled,2026-04-01 03:00:00
5,6734,2.0,,cancelled,2026-04-01 04:00:00
6,7265,1.0,11.09,cancelled,2026-04-01 05:00:00
7,1466,7.0,31.71,cancelled,2026-04-01 06:00:00
8,5426,7.0,97.83,completed,2026-04-01 07:00:00
9,6578,2.0,82.14,completed,2026-04-01 08:00:00
10,9322,7.0,96.36,cancelled,2026-04-01 09:00:00
11,2685,8.0,,pending,2026-04-01 10:00:00
12,1769,1.0,19.88,pending,2026-04-01 11:00:00
13,7949,9.0,59.32,completed,2026-04-01 12:00:00
14,3433,7.0,50.89,cancelled,2026-04-01 13:00:00
15,6311,,85.99,cancelled,2026-04-01 14:00:00
16,6051,8.0,18.83,completed,2026-04-01 15:00:00
17,7420,7.0,53.94,pending,2026-04-01 16:00:00
18,2184,8.0,23.5,pending,2026-04-01 17:00:00
19,5555,6.0,39.22,pending,2026-04-01 18:00:00
20,4385,9.0,76.36,completed,2026-04-01 19:00:00
21,7396,5.0,52.84,pending,2026-04-01 20:00:00
22,9666,3.0,43.83,completed,2026-04-01 21:00:00
23,3558,,,completed,2026-04-01 22:00:00
24,8849,1.0,51.35,cancelled,2026-04-01 23:00:00
25,3047,8.0,80.65,pending,2026-04-02 00:00:00
26,3747,2.0,90.29,completed,2026-04-02 01:00:00
27,1189,-5.0,95.98,pending,2026-04-02 02:00:00
28,3734,8.0,80.82,pending,2026-04-02 03:00:00
29,4005,8.0,38.39,cancelled,2026-04-02 04:00:00
30,5658,4.0,71.93,pending,2026-04-02 05:00:00
31,2899,4.0,49.38,cancelled,2026-04-02 06:00:00
32,8734,5.0,32.92,completed,2026-04-02 07:00:00
33,2267,,85.68,pending,2026-04-02 08:00:00
34,2528,5.0,13.46,completed,2026-04-02 09:00:00
35,4556,7.0,91.16,pending,2026-04-02 10:00:00
36,4890,2.0,51.53,completed,2026-04-02 11:00:00
37,9838,7.0,67.35,pending,2026-04-02 12:00:00
38,6393,7.0,69.34,pending,2026-04-02 13:00:00
39,9792,1.0,90.56,pending,2026-04-02 14:00:00
40,9433,7.0,,pending,2026-04-02 15:00:00
41,8513,,65.25,pending,2026-04-02 16:00:00
42,3612,3.0,16.0,pending,2026-04-02 17:00:00
43,8041,3.0,56.66,pending,2026-04-02 18:00:00
44,7235,4.0,23.52,pending,2026-04-02 19:00:00
45,6486,2.0,76.37,pending,2026-04-02 20:00:00
46,8099,2.0,56.1,completed,2026-04-02 21:00:00
47,1775,1.0,71.22,cancelled,2026-04-02 22:00:00
48,9226,5.0,13.75,pending,2026-04-02 23:00:00
49,4152,4.0,17.63,cancelled,2026-04-03 00:00:00
50,2585,2.0,74.47,pending,2026-04-03 01:00:00
51,4943,,16.49,pending,2026-04-03 02:00:00
52,8555,7.0,16.41,completed,2026-04-03 03:00:00
53,4073,7.0,11.09,completed,2026-04-03 04:00:00
54,2021,4.0,96.09,cancelled,2026-04-03 05:00:00
55,4843,5.0,76.38,completed,2026-04-03 06:00:00
56,8989,5.0,41.79,completed,2026-04-03 07:00:00
57,7873,6.0,36.69,cancelled,2026-04-03 08:00:00
58,6675,9.0,41.47,completed,2026-04-03 09:00:00
59,1161,2.0,79.72,pending,2026-04-03 10:00:00
60,5297,5.0,69.52,cancelled,2026-04-03 11:00:00
61,1995,3.0,26.67,cancelled,2026-04-03 12:00:00
62,8629,4.0,25.67,pending,2026-04-03 13:00:00
63,2016,6.0,18.86,completed,2026-04-03 14:00:00
64,8869,8.0,69.43,cancelled,2026-04-03 15:00:00
65,7439,1.0,78.79,cancelled,2026-04-03 16:00:00
66,8892,8.0,33.85,pending,2026-04-03 17:00:00
67,7863,,11.89,pending,2026-04-03 18:00:00
68,8916,-5.0,17.4,completed,2026-04-03 19:00:00
69,9529,2.0,97.11,cancelled,2026-04-03 20:00:00
70,1878,3.0,36.59,completed,2026-04-03 21:00:00
71,5887,1.0,79.23,completed,2026-04-03 22:00:00
72,5859,9.0,66.22,pending,2026-04-03 23:00:00
73,7331,8.0,44.37,cancelled,2026-04-04 00:00:00
74,9571,2.0,28.51,cancelled,2026-04-04 01:00:00
75,9684,9.0,20.92,cancelled,2026-04-04 02:00:00
76,8208,7.0,65.35,pending,2026-04-04 03:00:00
77,6276,9.0,79.72,pending,2026-04-04 04:00:00
78,3062,6.0,67.95,pending,2026-04-04 05:00:00
79,1064,6.0,57.73,pending,2026-04-04 06:00:00
80,9006,4.0,13.78,pending,2026-04-04 07:00:00
81,3568,,97.16,cancelled,2026-04-04 08:00:00
82,6463,7.0,81.88,completed,2026-04-04 09:00:00
83,3027,5.0,36.35,cancelled,2026-04-04 10:00:00
84,3695,6.0,98.2,completed,2026-04-04 11:00:00
85,6258,2.0,64.17,pending,2026-04-04 12:00:00
86,6618,5.0,62.42,completed,2026-04-04 13:00:00
87,7736,4.0,77.33,cancelled,2026-04-04 14:00:00
88,1391,9.0,83.06,cancelled,2026-04-04 15:00:00
89,6892,6.0,69.08,completed,2026-04-04 16:00:00
90,4561,2.0,21.53,pending,2026-04-04 17:00:00
91,7184,1.0,40.44,pending,2026-04-04 18:00:00
92,4099,,93.53,cancelled,2026-04-04 19:00:00
93,7278,9.0,30.22,completed,2026-04-04 20:00:00
94,9392,6.0,43.5,pending,2026-04-04 21:00:00
95,4104,7.0,48.89,pending,2026-04-04 22:00:00
96,8215,5.0,49.55,cancelled,2026-04-04 23:00:00
97,3454,,,pending,2026-04-05 00:00:00
98,9996,5.0,94.88,completed,2026-04-05 01:00:00
99,3731,9.0,31.66,cancelled,2026-04-05 02:00:00
100,9154,6.0,20.94,cancelled,2026-04-05 03:00:00
101,6056,8.0,27.77,completed,2026-04-05 04:00:00
102,9110,,89.82,cancelled,2026-04-05 05:00:00
103,4840,9.0,68.12,pending,2026-04-05 06:00:00
104,2028,5.0,35.73,pending,2026-04-05 07:00:00
105,8385,7.0,83.44,completed,2026-04-05 08:00:00
106,1502,1.0,87.52,pending,2026-04-05 09:00:00
107,7910,5.0,,completed,2026-04-05 10:00:00
108,7938,2.0,92.7,completed,2026-04-05 11:00:00
109,5488,6.0,32.7,pending,2026-04-05 12:00:00
110,1206,1.0,77.95,completed,2026-04-05 13:00:00
111,6134,3.0,51.45,pending,2026-04-05 14:00:00
112,6977,5.0,85.78,cancelled,2026-04-05 15:00:00
113,8721,4.0,75.56,cancelled,2026-04-05 16:00:00
114,8035,3.0,79.88,completed,2026-04-05 17:00:00
115,2484,5.0,69.05,pending,2026-04-05 18:00:00
116,8858,8.0,25.97,pending,2026-04-05 19:00:00
117,1863,,59.05,cancelled,2026-04-05 20:00:00
118,3790,1.0,98.62,cancelled,2026-04-05 21:00:00
119,8408,7.0,94.36,pending,2026-04-05 22:00:00
120,9755,8.0,13.89,completed,2026-04-05 23:00:00
121,6116,3.0,24.83,cancelled,2026-04-06 00:00:00
122,7019,6.0,21.86,completed,2026-04-06 01:00:00
123,2757,,75.34,completed,2026-04-06 02:00:00
124,8574,7.0,83.6,cancelled,2026-04-06 03:00:00
125,7374,8.0,29.22,completed,2026-04-06 04:00:00
126,7892,6.0,55.53,completed,2026-04-06 05:00:00
127,2678,6.0,85.66,pending,2026-04-06 06:00:00
128,4242,5.0,75.95,completed,2026-04-06 07:00:00
129,5636,8.0,58.8,pending,2026-04-06 08:00:00
130,2059,1.0,63.13,cancelled,2026-04-06 09:00:00
131,7668,4.0,55.75,cancelled,2026-04-06 10:00:00
132,4157,4.0,36.78,pending,2026-04-06 11:00:00
133,6915,3.0,60.85,cancelled,2026-04-06 12:00:00
134,3693,,72.0,completed,2026-04-06 13:00:00
135,4627,4.0,88.6,completed,2026-04-06 14:00:00
136,6450,1.0,67.27,completed,2026-04-06 15:00:00
137,2663,2.0,78.5,cancelled,2026-04-06 16:00:00
138,6592,9.0,24.41,completed,2026-04-06 17:00:00
139,8392,2.0,51.54,cancelled,2026-04-06 18:00:00
140,2306,5.0,,completed,2026-04-06 19:00:00
141,7776,9.0,32.2,pending,2026-04-06 20:00:00
142,6864,9.0,75.38,cancelled,2026-04-06 21:00:00
143,8526,8.0,99.26,cancelled,2026-04-06 22:00:00
144,9901,1.0,18.93,completed,2026-04-06 23:00:00
145,6575,1.0,46.13,cancelled,2026-04-07 00:00:00
146,6530,9.0,82.01,cancelled,2026-04-07 01:00:00
147,5413,8.0,28.36,pending,2026-04-07 02:00:00
148,4748,9.0,59.96,pending,2026-04-07 03:00:00
149,1663,7.0,75.98,completed,2026-04-07 04:00:00
150,2998,3.0,65.44,pending,2026-04-07 05:00:00
151,8994,3.0,26.92,completed,2026-04-07 06:00:00
152,2495,2.0,41.98,completed,2026-04-07 07:00:00
153,4304,,80.54,completed,2026-04-07 08:00:00
154,4763,3.0,59.88,cancelled,2026-04-07 09:00:00
155,6232,6.0,10.47,pending,2026-04-07 10:00:00
156,2853,2.0,78.49,completed,2026-04-07 11:00:00
157,7585,,13.18,pending,2026-04-07 12:00:00
158,2291,5.0,77.12,completed,2026-04-07 13:00:00
159,4581,1.0,28.22,pending,2026-04-07 14:00:00
160,8554,1.0,96.23,pending,2026-04-07 15:00:00
161,8280,9.0,43.11,completed,2026-04-07 16:00:00
162,2636,7.0,39.42,cancelled,2026-04-07 17:00:00
163,4696,1.0,23.4,pending,2026-04-07 18:00:00
164,1698,8.0,37.5,cancelled,2026-04-07 19:00:00
165,5737,3.0,88.9,cancelled,2026-04-07 20:00:00
166,1854,8.0,99.67,completed,2026-04-07 21:00:00
167,9164,,43.15,completed,2026-04-07 22:00:00
168,6855,,50.37,completed,2026-04-07 23:00:00
169,8392,7.0,74.99,pending,2026-04-08 00:00:00
170,7528,5.0,89.76,completed,2026-04-08 01:00:00
171,6249,6.0,63.37,completed,2026-04-08 02:00:00
172,6172,6.0,45.24,pending,2026-04-08 03:00:00
173,2707,8.0,47.14,pending,2026-04-08 04:00:00
174,6791,9.0,72.61,completed,2026-04-08 05:00:00
175,6535,2.0,10.29,completed,2026-04-08 06:00:00
176,5931,9.0,65.76,completed,2026-04-08 07:00:00
177,4510,9.0,41.99,completed,2026-04-08 08:00:00
178,1202,,81.48,cancelled,2026-04-08 09:00:00
179,5218,1.0,18.37,cancelled,2026-04-08 10:00:00
180,9958,7.0,62.94,completed,2026-04-08 11:00:00
181,5389,5.0,53.29,cancelled,2026-04-08 12:00:00
182,3327,6.0,67.81,pending,2026-04-08 13:00:00
183,9004,7.0,15.84,cancelled,2026-04-08 14:00:00
184,3931,5.0,62.2,cancelled,2026-04-08 15:00:00
185,8777,7.0,60.53,completed,2026-04-08 16:00:00
186,1197,9.0,60.46,cancelled,2026-04-08 17:00:00
187,8125,3.0,64.31,cancelled,2026-04-08 18:00:00
188,2930,8.0,70.88,cancelled,2026-04-08 19:00:00
189,7287,2.0,82.45,cancelled,2026-04-08 20:00:00
190,9800,7.0,34.28,pending,2026-04-08 21:00:00
191,5282,2.0,84.25,completed,2026-04-08 22:00:00
192,3511,4.0,54.84,completed,2026-04-08 23:00:00
193,1659,7.0,16.94,pending,2026-04-09 00:00:00
194,3811,3.0,15.27,cancelled,2026-04-09 01:00:00
195,8098,2.0,40.08,pending,2026-04-09 02:00:00
196,7546,7.0,80.64,cancelled,2026-04-09 03:00:00
197,2986,1.0,73.69,pending,2026-04-09 04:00:00
198,9338,8.0,80.98,completed,2026-04-09 05:00:00
199,3911,,56.55,completed,2026-04-09 06:00:00
200,2734,2.0,49.62,completed,2026-04-09 07:00:00
201,2843,3.0,23.27,cancelled,2026-04-09 08:00:00
202,9680,5.0,39.54,cancelled,2026-04-09 09:00:00
203,3976,8.0,49.06,pending,2026-04-09 10:00:00
204,2959,,17.97,pending,2026-04-09 11:00:00
205,6759,7.0,29.86,completed,2026-04-09 12:00:00
206,7694,7.0,63.84,cancelled,2026-04-09 13:00:00
207,3385,8.0,76.21,pending,2026-04-09 14:00:00
208,5736,1.0,99.85,cancelled,2026-04-09 15:00:00
209,2802,4.0,93.98,cancelled,2026-04-09 16:00:00
210,9155,6.0,67.83,completed,2026-04-09 17:00:00
211,9120,9.0,47.91,completed,2026-04-09 18:00:00
212,7616,2.0,67.26,cancelled,2026-04-09 19:00:00
213,6534,1.0,,cancelled,2026-04-09 20:00:00
214,5061,2.0,20.65,cancelled,2026-04-09 21:00:00
215,1262,7.0,46.89,cancelled,2026-04-09 22:00:00
216,7287,3.0,85.58,completed,2026-04-09 23:00:00
217,9815,2.0,44.54,pending,2026-04-10 00:00:00
218,3049,7.0,,completed,2026-04-10 01:00:00
219,6423,2.0,62.9,pending,2026-04-10 02:00:00
220,5548,3.0,26.6,cancelled,2026-04-10 03:00:00
221,4108,7.0,42.6,pending,2026-04-10 04:00:00
222,8158,4.0,40.11,completed,2026-04-10 05:00:00
223,8400,1.0,12.36,completed,2026-04-10 06:00:00
224,4170,5.0,12.18,cancelled,2026-04-10 07:00:00
225,3255,9.0,84.85,completed,2026-04-10 08:00:00
226,2154,8.0,34.58,cancelled,2026-04-10 09:00:00
227,5499,9.0,56.63,completed,2026-04-10 10:00:00
228,7295,9.0,36.89,completed,2026-04-10 11:00:00
229,7197,7.0,94.66,cancelled,2026-04-10 12:00:00
230,2648,4.0,33.34,pending,2026-04-10 13:00:00
231,6539,5.0,48.67,completed,2026-04-10 14:00:00
232,5199,1.0,88.55,pending,2026-04-10 15:00:00
233,9445,1.0,85.77,completed,2026-04-10 16:00:00
234,3557,3.0,26.75,completed,2026-04-10 17:00:00
235,6592,8.0,82.24,completed,2026-04-10 18:00:00
236,1098,2.0,51.24,completed,2026-04-10 19:00:00
237,3200,4.0,53.47,pending,2026-04-10 20:00:00
238,3961,2.0,,pending,2026-04-10 21:00:00
239,5973,5.0,17.25,completed,2026-04-10 22:00:00
240,5433,9.0,75.51,completed,2026-04-10 23:00:00
241,3869,1.0,54.68,pending,2026-04-11 00:00:00
242,1956,5.0,49.32,cancelled,2026-04-11 01:00:00
243,9352,9.0,75.66,cancelled,2026-04-11 02:00:00
244,6699,1.0,78.9,pending,2026-04-11 03:00:00
245,7944,9.0,24.3,completed,2026-04-11 04:00:00
246,5493,8.0,64.92,completed,2026-04-11 05:00:00
247,5911,4.0,22.18,cancelled,2026-04-11 06:00:00
248,4987,5.0,77.62,cancelled,2026-04-11 07:00:00
249,7015,5.0,69.13,pending,2026-04-11 08:00:00
250,2218,6.0,96.1,cancelled,2026-04-11 09:00:00
251,5496,7.0,16.21,pending,2026-04-11 10:00:00
252,5735,8.0,15.13,cancelled,2026-04-11 11:00:00
253,5555,8.0,35.4,cancelled,2026-04-11 12:00:00
254,9050,2.0,33.55,cancelled,2026-04-11 13:00:00
255,4446,9.0,32.23,completed,2026-04-11 14:00:00
256,2045,7.0,91.56,completed,2026-04-11 15:00:00
257,7893,4.0,32.46,completed,2026-04-11 16:00:00
258,2693,4.0,34.48,cancelled,2026-04-11 17:00:00
259,4436,8.0,78.35,pending,2026-04-11 18:00:00
260,9754,4.0,50.48,pending,2026-04-11 19:00:00
261,6895,6.0,79.9,pending,2026-04-11 20:00:00
262,4354,5.0,15.88,pending,2026-04-11 21:00:00
263,1225,3.0,53.88,completed,2026-04-11 22:00:00
264,5893,2.0,13.03,completed,2026-04-11 23:00:00
265,8022,9.0,15.64,cancelled,2026-04-12 00:00:00
266,6600,9.0,91.58,cancelled,2026-04-12 01:00:00
267,8996,1.0,22.53,pending,2026-04-12 02:00:00
268,8683,3.0,57.92,completed,2026-04-12 03:00:00
269,5642,8.0,47.0,pending,2026-04-12 04:00:00
270,8679,6.0,41.26,cancelled,2026-04-12 05:00:00
271,9208,5.0,90.99,cancelled,2026-04-12 06:00:00
272,8339,5.0,11.96,pending,2026-04-12 07:00:00
273,3205,6.0,69.74,cancelled,2026-04-12 08:00:00
274,2069,7.0,96.71,pending,2026-04-12 09:00:00
275,4444,1.0,60.42,completed,2026-04-12 10:00:00
276,2060,9.0,94.31,pending,2026-04-12 11:00:00
277,3327,3.0,14.7,completed,2026-04-12 12:00:00
278,4420,4.0,47.69,completed,2026-04-12 13:00:00
279,1301,1.0,33.41,cancelled,2026-04-12 14:00:00
280,1606,3.0,75.77,cancelled,2026-04-12 15:00:00
281,4170,2.0,,cancelled,2026-04-12 16:00:00
282,1699,2.0,33.09,pending,2026-04-12 17:00:00
283,6088,1.0,68.88,pending,2026-04-12 18:00:00
284,1190,8.0,27.83,cancelled,2026-04-12 19:00:00
285,1980,-5.0,60.88,pending,2026-04-12 20:00:00
286,3975,3.0,51.75,cancelled,2026-04-12 21:00:00
287,7102,6.0,97.48,pending,2026-04-12 22:00:00
288,2184,8.0,64.77,completed,2026-04-12 23:00:00
289,4327,9.0,41.46,completed,2026-04-13 00:00:00
290,4394,9.0,20.27,cancelled,2026-04-13 01:00:00
291,9319,,23.61,pending,2026-04-13 02:00:00
292,2816,5.0,30.28,pending,2026-04-13 03:00:00
293,6854,2.0,32.59,completed,2026-04-13 04:00:00
294,7709,9.0,86.56,completed,2026-04-13 05:00:00
295,1569,8.0,,cancelled,2026-04-13 06:00:00
296,6442,3.0,57.11,completed,2026-04-13 07:00:00
297,2895,9.0,20.33,cancelled,2026-04-13 08:00:00
298,3733,3.0,87.41,completed,2026-04-13 09:00:00
299,4863,9.0,75.05,completed,2026-04-13 10:00:00
300,8455,2.0,16.09,pending,2026-04-13 11:00:00
301,5014,9.0,73.71,completed,2026-04-13 12:00:00
302,2686,8.0,58.92,completed,2026-04-13 13:00:00
303,4009,9.0,17.36,cancelled,2026-04-13 14:00:00
304,8806,5.0,51.25,completed,2026-04-13 15:00:00
305,1154,2.0,53.62,cancelled,2026-04-13 16:00:00
306,2409,8.0,24.92,completed,2026-04-13 17:00:00
307,1784,6.0,95.11,completed,2026-04-13 18:00:00
308,9096,8.0,86.5,cancelled,2026-04-13 19:00:00
309,8560,5.0,70.21,pending,2026-04-13 20:00:00
310,8343,2.0,51.61,cancelled,2026-04-13 21:00:00
311,8206,6.0,47.06,cancelled,2026-04-13 22:00:00
312,6596,5.0,,cancelled,2026-04-13 23:00:00
313,6801,5.0,59.09,pending,2026-04-14 00:00:00
314,3806,1.0,15.6,completed,2026-04-14 01:00:00
315,1537,2.0,56.13,cancelled,2026-04-14 02:00:00
316,6986,8.0,82.58,cancelled,2026-04-14 03:00:00
317,2841,-5.0,51.33,pending,2026-04-14 04:00:00
318,9716,3.0,14.68,cancelled,2026-04-14 05:00:00
319,7971,8.0,80.77,completed,2026-04-14 06:00:00
320,6625,8.0,28.12,pending,2026-04-14 07:00:00
321,3950,2.0,33.28,completed,2026-04-14 08:00:00
322,8992,8.0,99999.0,completed,2026-04-14 09:00:00
323,5780,,39.72,pending,2026-04-14 10:00:00
324,3368,6.0,78.11,cancelled,2026-04-14 11:00:00
325,7655,8.0,56.74,completed,2026-04-14 12:00:00
326,9173,3.0,28.44,completed,2026-04-14 13:00:00
327,5495,8.0,89.0,completed,2026-04-14 14:00:00
328,7002,1.0,89.16,completed,2026-04-14 15:00:00
329,7614,,88.35,pending,2026-04-14 16:00:00
330,6919,9.0,31.49,pending,2026-04-14 17:00:00
331,1853,5.0,50.61,completed,2026-04-14 18:00:00
332,5146,4.0,98.65,cancelled,2026-04-14 19:00:00
333,4769,6.0,79.48,completed,2026-04-14 20:00:00
334,1574,7.0,12.45,cancelled,2026-04-14 21:00:00
335,2148,5.0,15.87,completed,2026-04-14 22:00:00
336,7293,9.0,51.75,cancelled,2026-04-14 23:00:00
337,7457,3.0,91.83,completed,2026-04-15 00:00:00
338,8509,7.0,58.48,cancelled,2026-04-15 01:00:00
339,5777,5.0,54.8,completed,2026-04-15 02:00:00
340,4854,7.0,19.49,completed,2026-04-15 03:00:00
341,3491,2.0,69.11,cancelled,2026-04-15 04:00:00
342,4124,4.0,83.99,pending,2026-04-15 05:00:00
343,6691,2.0,44.24,cancelled,2026-04-15 06:00:00
344,4051,7.0,79.81,pending,2026-04-15 07:00:00
345,1004,2.0,96.8,completed,2026-04-15 08:00:00
346,6222,,28.34,cancelled,2026-04-15 09:00:00
347,6315,9.0,57.1,cancelled,2026-04-15 10:00:00
348,5869,,35.84,cancelled,2026-04-15 11:00:00
349,1876,8.0,81.36,pending,2026-04-15 12:00:00
350,8027,2.0,61.98,pending,2026-04-15 13:00:00
351,5142,8.0,67.11,completed,2026-04-15 14:00:00
352,7966,-5.0,81.81,pending,2026-04-15 15:00:00
353,8079,,45.64,pending,2026-04-15 16:00:00
354,8987,3.0,92.36,completed,2026-04-15 17:00:00
355,7799,7.0,57.97,cancelled,2026-04-15 18:00:00
356,5465,9.0,24.22,cancelled,2026-04-15 19:00:00
357,1635,2.0,72.63,completed,2026-04-15 20:00:00
358,2693,5.0,81.39,cancelled,2026-04-15 21:00:00
359,5752,6.0,38.51,pending,2026-04-15 22:00:00
360,9311,4.0,87.15,completed,2026-04-15 23:00:00
361,1830,4.0,91.55,completed,2026-04-16 00:00:00
362,6177,4.0,34.92,completed,2026-04-16 01:00:00
363,9932,2.0,98.52,cancelled,2026-04-16 02:00:00
364,9308,4.0,22.66,completed,2026-04-16 03:00:00
365,6949,1.0,28.18,completed,2026-04-16 04:00:00
366,3838,6.0,26.58,completed,2026-04-16 05:00:00
367,2150,1.0,90.46,cancelled,2026-04-16 06:00:00
368,8560,6.0,68.89,pending,2026-04-16 07:00:00
369,2931,1.0,23.69,completed,2026-04-16 08:00:00
370,2664,6.0,99999.0,pending,2026-04-16 09:00:00
371,2081,8.0,65.38,cancelled,2026-04-16 10:00:00
372,1512,2.0,17.51,cancelled,2026-04-16 11:00:00
373,8805,2.0,89.42,cancelled,2026-04-16 12:00:00
374,6237,4.0,82.32,cancelled,2026-04-16 13:00:00
375,1559,3.0,55.47,pending,2026-04-16 14:00:00
376,4672,4.0,97.04,completed,2026-04-16 15:00:00
377,8404,7.0,47.6,cancelled,2026-04-16 16:00:00
378,4343,1.0,98.57,cancelled,2026-04-16 17:00:00
379,5070,6.0,70.11,pending,2026-04-16 18:00:00
380,1580,3.0,67.12,pending,2026-04-16 19:00:00
381,8004,7.0,24.94,cancelled,2026-04-16 20:00:00
382,9130,2.0,89.37,completed,2026-04-16 21:00:00
383,4147,2.0,48.47,completed,2026-04-16 22:00:00
384,5249,4.0,24.6,cancelled,2026-04-16 23:00:00
385,2679,1.0,11.13,pending,2026-04-17 00:00:00
386,4506,,60.38,cancelled,2026-04-17 01:00:00
387,8253,9.0,57.47,cancelled,2026-04-17 02:00:00
388,3744,7.0,74.74,pending,2026-04-17 03:00:00
389,6188,7.0,90.12,cancelled,2026-04-17 04:00:00
390,3141,4.0,17.15,cancelled,2026-04-17 05:00:00
391,7617,2.0,75.83,cancelled,2026-04-17 06:00:00
392,3479,4.0,26.87,pending,2026-04-17 07:00:00
393,7484,6.0,,completed,2026-04-17 08:00:00
394,8421,3.0,83.72,completed,2026-04-17 09:00:00
395,5452,-5.0,,pending,2026-04-17 10:00:00
396,6881,8.0,73.92,completed,2026-04-17 11:00:00
397,7665,5.0,38.29,cancelled,2026-04-17 12:00:00
398,3849,5.0,52.41,completed,2026-04-17 13:00:00
399,8390,4.0,83.95,cancelled,2026-04-17 14:00:00
400,7905,6.0,51.33,completed,2026-04-17 15:00:00
401,3489,3.0,42.2,pending,2026-04-17 16:00:00
402,5611,9.0,,completed,2026-04-17 17:00:00
403,3839,5.0,84.54,completed,2026-04-17 18:00:00
404,9527,3.0,40.17,completed,2026-04-17 19:00:00
405,6878,1.0,25.64,pending,2026-04-17 20:00:00
406,7303,6.0,74.08,completed,2026-04-17 21:00:00
407,1851,2.0,84.34,pending,2026-04-17 22:00:00
408,2687,3.0,19.06,cancelled,2026-04-17 23:00:00
409,7833,1.0,31.59,completed,2026-04-18 00:00:00
410,3427,9.0,22.78,pending,2026-04-18 01:00:00
411,5000,8.0,41.31,pending,2026-04-18 02:00:00
412,6052,2.0,50.53,completed,2026-04-18 03:00:00
413,3738,,77.39,cancelled,2026-04-18 04:00:00
414,6732,9.0,68.6,pending,2026-04-18 05:00:00
415,6387,1.0,,completed,2026-04-18 06:00:00
416,9002,5.0,41.71,cancelled,2026-04-18 07:00:00
417,6536,8.0,85.73,pending,2026-04-18 08:00:00
418,4913,2.0,52.42,pending,2026-04-18 09:00:00
419,2066,4.0,98.12,cancelled,2026-04-18 10:00:00
420,8723,7.0,67.07,cancelled,2026-04-18 11:00:00
421,5380,3.0,21.36,completed,2026-04-18 12:00:00
422,5107,5.0,70.86,completed,2026-04-18 13:00:00
423,6726,8.0,39.26,pending,2026-04-18 14:00:00
424,4373,3.0,71.77,cancelled,2026-04-18 15:00:00
425,9945,4.0,16.27,cancelled,2026-04-18 16:00:00
426,3082,,25.74,cancelled,2026-04-18 17:00:00
427,9967,7.0,87.02,pending,2026-04-18 18:00:00
428,7748,1.0,30.45,cancelled,2026-04-18 19:00:00
429,1417,4.0,85.33,cancelled,2026-04-18 20:00:00
430,9306,4.0,35.13,pending,2026-04-18 21:00:00
431,9808,9.0,67.86,completed,2026-04-18 22:00:00
432,4974,6.0,72.47,completed,2026-04-18 23:00:00
433,4267,9.0,56.14,pending,2026-04-19 00:00:00
434,1825,6.0,37.48,cancelled,2026-04-19 01:00:00
435,8668,6.0,29.14,pending,2026-04-19 02:00:00
436,6745,5.0,12.99,completed,2026-04-19 03:00:00
437,1412,5.0,37.36,completed,2026-04-19 04:00:00
438,8543,2.0,68.78,pending,2026-04-19 05:00:00
439,8587,8.0,94.45,pending,2026-04-19 06:00:00
440,1728,8.0,88.41,completed,2026-04-19 07:00:00
441,8164,1.0,78.95,pending,2026-04-19 08:00:00
442,9867,8.0,80.96,completed,2026-04-19 09:00:00
443,6988,5.0,69.85,pending,2026-04-19 10:00:00
444,3504,2.0,33.43,pending,2026-04-19 11:00:00
445,3967,,91.65,pending,2026-04-19 12:00:00
446,3786,6.0,70.37,completed,2026-04-19 13:00:00
447,2122,9.0,60.44,pending,2026-04-19 14:00:00
448,5079,1.0,19.99,completed,2026-04-19 15:00:00
449,2571,6.0,,completed,2026-04-19 16:00:00
450,6073,9.0,51.43,pending,2026-04-19 17:00:00
451,6104,8.0,99999.0,pending,2026-04-19 18:00:00
452,3143,6.0,59.2,completed,2026-04-19 19:00:00
453,7806,3.0,44.24,completed,2026-04-19 20:00:00
454,8357,8.0,97.91,cancelled,2026-04-19 21:00:00
455,4440,9.0,19.96,completed,2026-04-19 22:00:00
456,4766,,48.03,cancelled,2026-04-19 23:00:00
457,6644,9.0,13.78,cancelled,2026-04-20 00:00:00
458,3914,6.0,76.59,cancelled,2026-04-20 01:00:00
459,5968,6.0,92.63,pending,2026-04-20 02:00:00
460,6917,4.0,35.2,pending,2026-04-20 03:00:00
461,9787,1.0,87.25,completed,2026-04-20 04:00:00
462,1728,8.0,36.3,cancelled,2026-04-20 05:00:00
463,2365,2.0,91.97,pending,2026-04-20 06:00:00
464,5492,1.0,77.86,pending,2026-04-20 07:00:00
465,1698,2.0,82.44,pending,2026-04-20 08:00:00
466,8186,1.0,11.62,pending,2026-04-20 09:00:00
467,1395,1.0,96.65,pending,2026-04-20 10:00:00
468,8400,9.0,75.4,cancelled,2026-04-20 11:00:00
469,9082,1.0,37.43,cancelled,2026-04-20 12:00:00
470,5171,4.0,84.65,cancelled,2026-04-20 13:00:00
471,5360,6.0,35.34,cancelled,2026-04-20 14:00:00
472,3502,7.0,88.55,completed,2026-04-20 15:00:00
473,1717,2.0,20.13,cancelled,2026-04-20 16:00:00
474,3782,6.0,,pending,2026-04-20 17:00:00
475,5946,7.0,58.66,cancelled,2026-04-20 18:00:00
476,6486,2.0,18.69,completed,2026-04-20 19:00:00
477,9335,2.0,,pending,2026-04-20 20:00:00
478,5980,7.0,11.12,cancelled,2026-04-20 21:00:00
479,8266,1.0,52.19,cancelled,2026-04-20 22:00:00
480,5491,8.0,37.11,cancelled,2026-04-20 23:00:00
481,8192,3.0,63.85,pending,2026-04-21 00:00:00
482,6588,6.0,36.75,pending,2026-04-21 01:00:00
483,8651,9.0,36.99,completed,2026-04-21 02:00:00
484,4636,6.0,76.89,pending,2026-04-21 03:00:00
485,2167,9.0,14.33,pending,2026-04-21 04:00:00
486,2062,7.0,91.26,cancelled,2026-04-21 05:00:00
487,3156,9.0,86.7,pending,2026-04-21 06:00:00
488,8860,2.0,70.1,cancelled,2026-04-21 07:00:00
489,6161,8.0,63.39,cancelled,2026-04-21 08:00:00
490,6305,8.0,90.31,pending,2026-04-21 09:00:00
491,7541,2.0,26.68,completed,2026-04-21 10:00:00
492,5729,4.0,17.11,completed,2026-04-21 11:00:00
493,8330,7.0,31.56,pending,2026-04-21 12:00:00
494,6334,4.0,81.51,completed,2026-04-21 13:00:00
495,9924,4.0,13.12,cancelled,2026-04-21 14:00:00
496,5330,6.0,62.45,cancelled,2026-04-21 15:00:00
497,9010,6.0,99.59,pending,2026-04-21 16:00:00
498,7801,3.0,87.01,completed,2026-04-21 17:00:00
499,5846,9.0,56.93,completed,2026-04-21 18:00:00
500,7731,2.0,15.73,cancelled,2026-04-21 19:00:00
501,8241,6.0,,pending,2026-04-21 20:00:00
502,1953,-5.0,63.91,completed,2026-04-21 21:00:00
503,3539,9.0,20.34,pending,2026-04-21 22:00:00
504,8056,3.0,18.45,completed,2026-04-21 23:00:00
505,2542,3.0,91.87,cancelled,2026-04-22 00:00:00
506,6293,7.0,70.23,cancelled,2026-04-22 01:00:00
507,2191,4.0,84.64,pending,2026-04-22 02:00:00
508,7313,8.0,89.11,cancelled,2026-04-22 03:00:00
509,7938,7.0,61.46,completed,2026-04-22 04:00:00
510,3681,5.0,,cancelled,2026-04-22 05:00:00
511,2540,7.0,48.74,pending,2026-04-22 06:00:00
512,7172,3.0,38.53,pending,2026-04-22 07:00:00
513,6541,2.0,49.11,pending,2026-04-22 08:00:00
514,2365,,79.65,completed,2026-04-22 09:00:00
515,9691,2.0,64.17,completed,2026-04-22 10:00:00
516,9702,3.0,90.33,completed,2026-04-22 11:00:00
517,8494,6.0,49.9,completed,2026-04-22 12:00:00
518,5312,5.0,64.64,completed,2026-04-22 13:00:00
519,2324,8.0,66.82,cancelled,2026-04-22 14:00:00
520,4141,9.0,63.25,completed,2026-04-22 15:00:00
521,8419,3.0,73.24,completed,2026-04-22 16:00:00
522,4486,3.0,31.37,cancelled,2026-04-22 17:00:00
523,2810,3.0,56.11,completed,2026-04-22 18:00:00
524,7588,6.0,19.38,pending,2026-04-22 19:00:00
525,3923,1.0,44.61,completed,2026-04-22 20:00:00
526,6301,-5.0,53.89,completed,2026-04-22 21:00:00
527,5186,1.0,68.7,pending,2026-04-22 22:00:00
528,9905,5.0,95.55,pending,2026-04-22 23:00:00
529,6977,8.0,64.06,pending,2026-04-23 00:00:00
530,5268,4.0,76.92,pending,2026-04-23 01:00:00
531,5748,5.0,55.56,completed,2026-04-23 02:00:00
532,5849,4.0,67.07,pending,2026-04-23 03:00:00
533,4709,4.0,,pending,2026-04-23 04:00:00
534,7619,,32.9,cancelled,2026-04-23 05:00:00
535,9647,2.0,42.57,pending,2026-04-23 06:00:00
536,4072,1.0,52.52,pending,2026-04-23 07:00:00
537,7530,3.0,14.11,cancelled,2026-04-23 08:00:00
538,1504,9.0,22.6,cancelled,2026-04-23 09:00:00
539,2214,4.0,,completed,2026-04-23 10:00:00
540,2531,5.0,97.44,cancelled,2026-04-23 11:00:00
541,8576,2.0,39.82,completed,2026-04-23 12:00:00
542,1823,4.0,53.38,cancelled,2026-04-23 13:00:00
543,1928,2.0,27.65,cancelled,2026-04-23 14:00:00
544,6029,2.0,64.97,completed,2026-04-23 15:00:00
545,1133,4.0,35.26,cancelled,2026-04-23 16:00:00
546,3105,6.0,28.63,completed,2026-04-23 17:00:00
547,4627,7.0,56.49,cancelled,2026-04-23 18:00:00
548,7316,,10.5,pending,2026-04-23 19:00:00
549,2852,3.0,10.69,cancelled,2026-04-23 20:00:00
550,5910,6.0,29.72,completed,2026-04-23 21:00:00
551,5175,3.0,13.3,cancelled,2026-04-23 22:00:00
552,6348,2.0,19.72,completed,2026-04-23 23:00:00
553,7190,8.0,40.5,completed,2026-04-24 00:00:00
554,2256,5.0,82.23,pending,2026-04-24 01:00:00
555,4376,1.0,99999.0,pending,2026-04-24 02:00:00
556,6645,,56.14,completed,2026-04-24 03:00:00
557,4486,8.0,36.41,cancelled,2026-04-24 04:00:00
558,4584,4.0,93.86,completed,2026-04-24 05:00:00
559,9053,7.0,45.73,completed,2026-04-24 06:00:00
560,4330,2.0,17.84,cancelled,2026-04-24 07:00:00
561,3703,7.0,,cancelled,2026-04-24 08:00:00
562,9662,5.0,20.25,cancelled,2026-04-24 09:00:00
563,9120,5.0,41.07,cancelled,2026-04-24 10:00:00
564,8114,6.0,55.67,completed,2026-04-24 11:00:00
565,2353,9.0,,completed,2026-04-24 12:00:00
566,6063,6.0,54.42,pending,2026-04-24 13:00:00
567,9549,8.0,73.2,completed,2026-04-24 14:00:00
568,8575,7.0,99.35,cancelled,2026-04-24 15:00:00
569,1667,9.0,,pending,2026-04-24 16:00:00
570,5468,4.0,,cancelled,2026-04-24 17:00:00
571,7819,2.0,45.51,completed,2026-04-24 18:00:00
572,4719,7.0,47.96,pending,2026-04-24 19:00:00
573,3745,6.0,46.99,cancelled,2026-04-24 20:00:00
574,8483,1.0,91.68,pending,2026-04-24 21:00:00
575,1539,9.0,74.26,pending,2026-04-24 22:00:00
576,5964,9.0,64.71,completed,2026-04-24 23:00:00
577,5835,2.0,37.84,cancelled,2026-04-25 00:00:00
578,4775,,84.14,pending,2026-04-25 01:00:00
579,7042,5.0,95.96,pending,2026-04-25 02:00:00
580,8102,5.0,83.91,cancelled,2026-04-25 03:00:00
581,8312,1.0,10.14,pending,2026-04-25 04:00:00
582,6320,8.0,67.28,pending,2026-04-25 05:00:00
583,7132,8.0,14.6,pending,2026-04-25 06:00:00
584,8891,4.0,33.18,cancelled,2026-04-25 07:00:00
585,3779,7.0,15.36,cancelled,2026-04-25 08:00:00
586,1924,3.0,64.34,cancelled,2026-04-25 09:00:00
587,2581,6.0,71.79,cancelled,2026-04-25 10:00:00
588,8714,9.0,20.3,completed,2026-04-25 11:00:00
589,4324,1.0,44.55,pending,2026-04-25 12:00:00
590,6713,5.0,51.06,cancelled,2026-04-25 13:00:00
591,8026,4.0,43.21,pending,2026-04-25 14:00:00
592,1255,8.0,20.89,pending,2026-04-25 15:00:00
593,5804,1.0,47.71,completed,2026-04-25 16:00:00
594,2838,9.0,77.61,cancelled,2026-04-25 17:00:00
595,1009,6.0,16.39,cancelled,2026-04-25 18:00:00
596,3871,4.0,17.22,pending,2026-04-25 19:00:00
597,9989,9.0,41.93,cancelled,2026-04-25 20:00:00
598,8409,5.0,94.76,pending,2026-04-25 21:00:00
599,8418,5.0,70.17,pending,2026-04-25 22:00:00
600,6124,5.0,71.08,completed,2026-04-25 23:00:00
601,2015,1.0,42.57,completed,2026-04-26 00:00:00
602,3193,1.0,63.43,completed,2026-04-26 01:00:00
603,9415,8.0,10.91,pending,2026-04-26 02:00:00
604,8449,8.0,,cancelled,2026-04-26 03:00:00
605,5158,6.0,92.2,completed,2026-04-26 04:00:00
606,4925,4.0,65.13,cancelled,2026-04-26 05:00:00
607,7970,2.0,88.63,completed,2026-04-26 06:00:00
608,7938,2.0,75.16,completed,2026-04-26 07:00:00
609,5784,9.0,20.85,pending,2026-04-26 08:00:00
610,5000,5.0,91.22,completed,2026-04-26 09:00:00
611,2633,4.0,15.98,completed,2026-04-26 10:00:00
612,8266,1.0,58.06,pending,2026-04-26 11:00:00
613,9702,7.0,22.79,cancelled,2026-04-26 12:00:00
614,1384,3.0,11.05,completed,2026-04-26 13:00:00
615,1404,6.0,47.98,pending,2026-04-26 14:00:00
616,9175,5.0,36.55,completed,2026-04-26 15:00:00
617,3000,5.0,53.74,pending,2026-04-26 16:00:00
618,6989,5.0,61.95,cancelled,2026-04-26 17:00:00
619,2460,1.0,13.94,cancelled,2026-04-26 18:00:00
620,8190,1.0,21.07,pending,2026-04-26 19:00:00
621,8140,3.0,60.28,pending,2026-04-26 20:00:00
622,4636,4.0,40.89,pending,2026-04-26 21:00:00
623,5809,5.0,75.63,cancelled,2026-04-26 22:00:00
624,5178,2.0,68.71,completed,2026-04-26 23:00:00
625,8245,8.0,86.1,cancelled,2026-04-27 00:00:00
626,7600,2.0,72.32,pending,2026-04-27 01:00:00
627,6997,9.0,48.69,pending,2026-04-27 02:00:00
628,3048,2.0,70.57,cancelled,2026-04-27 03:00:00
629,5780,9.0,34.78,pending,2026-04-27 04:00:00
630,1716,7.0,37.57,cancelled,2026-04-27 05:00:00
631,8939,8.0,81.01,pending,2026-04-27 06:00:00
632,6565,2.0,50.18,completed,2026-04-27 07:00:00
633,5544,7.0,81.85,completed,2026-04-27 08:00:00
634,5976,6.0,84.02,pending,2026-04-27 09:00:00
635,4419,4.0,87.18,cancelled,2026-04-27 10:00:00
636,8239,7.0,92.5,completed,2026-04-27 11:00:00
637,1249,4.0,48.79,cancelled,2026-04-27 12:00:00
638,9865,2.0,38.7,pending,2026-04-27 13:00:00
639,1770,7.0,62.4,cancelled,2026-04-27 14:00:00
640,5363,8.0,43.41,completed,2026-04-27 15:00:00
641,2077,2.0,64.1,cancelled,2026-04-27 16:00:00
642,9427,5.0,73.5,cancelled,2026-04-27 17:00:00
643,9580,1.0,,pending,2026-04-27 18:00:00
644,8901,7.0,43.71,pending,2026-04-27 19:00:00
645,5858,8.0,25.02,pending,2026-04-27 20:00:00
646,7544,,48.75,completed,2026-04-27 21:00:00
647,5719,5.0,22.83,completed,2026-04-27 22:00:00
648,3814,6.0,90.11,pending,2026-04-27 23:00:00
649,4374,2.0,41.13,pending,2026-04-28 00:00:00
650,2252,1.0,23.9,completed,2026-04-28 01:00:00
651,7996,7.0,12.29,completed,2026-04-28 02:00:00
652,5673,7.0,68.12,completed,2026-04-28 03:00:00
653,5530,,67.32,completed,2026-04-28 04:00:00
654,7881,2.0,40.65,pending,2026-04-28 05:00:00
655,7949,1.0,16.45,completed,2026-04-28 06:00:00
656,7241,8.0,46.87,pending,2026-04-28 07:00:00
657,9017,8.0,38.01,cancelled,2026-04-28 08:00:00
658,7941,1.0,70.94,cancelled,2026-04-28 09:00:00
659,8002,8.0,,completed,2026-04-28 10:00:00
660,2331,9.0,42.81,cancelled,2026-04-28 11:00:00
661,5261,4.0,29.61,cancelled,2026-04-28 12:00:00
662,8648,1.0,98.92,cancelled,2026-04-28 13:00:00
663,6115,1.0,50.86,completed,2026-04-28 14:00:00
664,5637,3.0,71.94,completed,2026-04-28 15:00:00
665,5854,5.0,22.65,cancelled,2026-04-28 16:00:00
666,4177,5.0,53.7,pending,2026-04-28 17:00:00
667,8730,,12.48,cancelled,2026-04-28 18:00:00
668,3180,2.0,55.49,completed,2026-04-28 19:00:00
669,5892,2.0,,completed,2026-04-28 20:00:00
670,8043,6.0,44.58,completed,2026-04-28 21:00:00
671,1137,9.0,13.51,cancelled,2026-04-28 22:00:00
672,7327,1.0,12.79,pending,2026-04-28 23:00:00
673,4472,,44.92,completed,2026-04-29 00:00:00
674,6449,9.0,24.4,completed,2026-04-29 01:00:00
675,3832,9.0,12.1,cancelled,2026-04-29 02:00:00
676,4579,5.0,,pending,2026-04-29 03:00:00
677,6971,9.0,51.27,cancelled,2026-04-29 04:00:00
678,5164,4.0,36.03,completed,2026-04-29 05:00:00
679,8941,2.0,91.01,pending,2026-04-29 06:00:00
680,6569,6.0,20.45,pending,2026-04-29 07:00:00
681,5300,4.0,96.03,completed,2026-04-29 08:00:00
682,7269,6.0,38.26,pending,2026-04-29 09:00:00
683,4818,3.0,89.96,pending,2026-04-29 10:00:00
684,2906,6.0,,cancelled,2026-04-29 11:00:00
685,7254,2.0,84.4,completed,2026-04-29 12:00:00
686,1760,2.0,,completed,2026-04-29 13:00:00
687,8830,9.0,35.96,completed,2026-04-29 14:00:00
688,8350,7.0,96.5,completed,2026-04-29 15:00:00
689,7238,3.0,45.05,completed,2026-04-29 16:00:00
690,7090,1.0,44.7,pending,2026-04-29 17:00:00
691,7031,8.0,40.63,cancelled,2026-04-29 18:00:00
692,8687,6.0,58.73,completed,2026-04-29 19:00:00
693,9472,7.0,23.87,cancelled,2026-04-29 20:00:00
694,2887,9.0,59.83,cancelled,2026-04-29 21:00:00
695,4266,5.0,58.75,pending,2026-04-29 22:00:00
696,1666,1.0,78.57,completed,2026-04-29 23:00:00
697,5188,7.0,85.03,pending,2026-04-30 00:00:00
698,1671,5.0,,completed,2026-04-30 01:00:00
699,7777,3.0,37.21,pending,2026-04-30 02:00:00
700,8570,9.0,,cancelled,2026-04-30 03:00:00
701,8956,1.0,27.52,completed,2026-04-30 04:00:00
702,6124,1.0,15.19,cancelled,2026-04-30 05:00:00
703,6585,-5.0,40.82,cancelled,2026-04-30 06:00:00
704,5777,3.0,34.32,pending,2026-04-30 07:00:00
705,4900,6.0,96.98,completed,2026-04-30 08:00:00
706,7677,3.0,60.19,cancelled,2026-04-30 09:00:00
707,7981,8.0,,pending,2026-04-30 10:00:00
708,7376,2.0,62.24,completed,2026-04-30 11:00:00
709,1523,9.0,22.53,completed,2026-04-30 12:00:00
710,3393,3.0,49.96,cancelled,2026-04-30 13:00:00
711,3593,5.0,66.36,completed,2026-04-30 14:00:00
712,8240,8.0,54.0,cancelled,2026-04-30 15:00:00
713,7937,2.0,46.16,completed,2026-04-30 16:00:00
714,7190,6.0,99.45,pending,2026-04-30 17:00:00
715,6240,5.0,,cancelled,2026-04-30 18:00:00
716,7493,9.0,99999.0,cancelled,2026-04-30 19:00:00
717,3878,5.0,61.24,completed,2026-04-30 20:00:00
718,5143,2.0,65.86,completed,2026-04-30 21:00:00
719,4644,5.0,28.12,cancelled,2026-04-30 22:00:00
720,5432,4.0,45.56,completed,2026-04-30 23:00:00
721,2276,7.0,13.55,pending,2026-05-01 00:00:00
722,6811,6.0,52.8,completed,2026-05-01 01:00:00
723,1302,2.0,58.87,pending,2026-05-01 02:00:00
724,1638,5.0,30.5,pending,2026-05-01 03:00:00
725,1055,7.0,,pending,2026-05-01 04:00:00
726,9717,7.0,91.85,pending,2026-05-01 05:00:00
727,9150,5.0,74.99,pending,2026-05-01 06:00:00
728,3125,9.0,58.0,completed,2026-05-01 07:00:00
729,1364,4.0,88.3,pending,2026-05-01 08:00:00
730,7809,3.0,21.76,completed,2026-05-01 09:00:00
731,5621,4.0,81.15,pending,2026-05-01 10:00:00
732,6126,5.0,21.23,cancelled,2026-05-01 11:00:00
733,6122,6.0,81.48,pending,2026-05-01 12:00:00
734,2646,3.0,34.82,cancelled,2026-05-01 13:00:00
735,1918,2.0,88.94,pending,2026-05-01 14:00:00
736,3797,4.0,94.96,pending,2026-05-01 15:00:00
737,7506,5.0,23.39,pending,2026-05-01 16:00:00
738,6870,4.0,51.64,cancelled,2026-05-01 17:00:00
739,2531,3.0,98.29,cancelled,2026-05-01 18:00:00
740,9172,8.0,53.51,pending,2026-05-01 19:00:00
741,4345,4.0,87.72,completed,2026-05-01 20:00:00
742,8673,2.0,62.99,pending,2026-05-01 21:00:00
743,7949,2.0,43.78,cancelled,2026-05-01 22:00:00
744,7882,1.0,35.72,pending,2026-05-01 23:00:00
745,2906,4.0,28.29,cancelled,2026-05-02 00:00:00
746,4086,9.0,78.56,cancelled,2026-05-02 01:00:00
747,9152,7.0,44.79,cancelled,2026-05-02 02:00:00
748,6750,7.0,56.01,pending,2026-05-02 03:00:00
749,9905,7.0,54.31,cancelled,2026-05-02 04:00:00
750,2062,8.0,61.96,cancelled,2026-05-02 05:00:00
751,2976,1.0,87.9,pending,2026-05-02 06:00:00
752,2296,8.0,98.27,cancelled,2026-05-02 07:00:00
753,7229,4.0,46.68,pending,2026-05-02 08:00:00
754,8641,4.0,84.48,cancelled,2026-05-02 09:00:00
755,1125,4.0,78.81,completed,2026-05-02 10:00:00
756,5632,6.0,61.62,completed,2026-05-02 11:00:00
757,7288,7.0,96.04,cancelled,2026-05-02 12:00:00
758,4596,6.0,28.04,completed,2026-05-02 13:00:00
759,7168,1.0,19.83,pending,2026-05-02 14:00:00
760,8561,8.0,,completed,2026-05-02 15:00:00
761,9258,7.0,49.52,cancelled,2026-05-02 16:00:00
762,1232,6.0,,cancelled,2026-05-02 17:00:00
763,7371,6.0,90.38,pending,2026-05-02 18:00:00
764,5206,5.0,15.62,cancelled,2026-05-02 19:00:00
765,8943,6.0,89.51,pending,2026-05-02 20:00:00
766,7891,9.0,50.35,completed,2026-05-02 21:00:00
767,7738,9.0,55.94,completed,2026-05-02 22:00:00
768,3472,8.0,66.39,pending,2026-05-02 23:00:00
769,3739,9.0,93.37,pending,2026-05-03 00:00:00
770,6401,8.0,11.72,cancelled,2026-05-03 01:00:00
771,2761,8.0,52.92,completed,2026-05-03 02:00:00
772,1876,1.0,71.89,pending,2026-05-03 03:00:00
773,4812,5.0,75.04,completed,2026-05-03 04:00:00
774,2460,4.0,72.33,pending,2026-05-03 05:00:00
775,2733,2.0,22.1,completed,2026-05-03 06:00:00
776,2605,8.0,36.95,cancelled,2026-05-03 07:00:00
777,6622,3.0,42.28,completed,2026-05-03 08:00:00
778,7767,4.0,82.4,completed,2026-05-03 09:00:00
779,7986,7.0,35.09,completed,2026-05-03 10:00:00
780,4517,9.0,28.96,completed,2026-05-03 11:00:00
781,4735,2.0,96.17,completed,2026-05-03 12:00:00
782,9434,3.0,10.8,cancelled,2026-05-03 13:00:00
783,3590,4.0,99.8,pending,2026-05-03 14:00:00
784,2063,1.0,70.91,completed,2026-05-03 15:00:00
785,5324,7.0,84.56,cancelled,2026-05-03 16:00:00
786,6342,2.0,36.52,completed,2026-05-03 17:00:00
787,1005,5.0,11.29,completed,2026-05-03 18:00:00
788,8489,1.0,76.41,pending,2026-05-03 19:00:00
789,9659,3.0,85.07,completed,2026-05-03 20:00:00
790,9195,2.0,76.64,cancelled,2026-05-03 21:00:00
791,6966,1.0,22.86,cancelled,2026-05-03 22:00:00
792,9837,,77.81,pending,2026-05-03 23:00:00
793,1117,5.0,79.2,completed,2026-05-04 00:00:00
794,3551,1.0,69.27,cancelled,2026-05-04 01:00:00
795,6560,,78.95,completed,2026-05-04 02:00:00
796,5289,5.0,86.13,completed,2026-05-04 03:00:00
797,1846,3.0,65.22,completed,2026-05-04 04:00:00
798,7316,7.0,17.97,pending,2026-05-04 05:00:00
799,7469,9.0,53.89,completed,2026-05-04 06:00:00
800,9915,,16.99,cancelled,2026-05-04 07:00:00
801,1224,9.0,46.68,completed,2026-05-04 08:00:00
802,5208,2.0,46.64,cancelled,2026-05-04 09:00:00
803,7283,3.0,15.94,completed,2026-05-04 10:00:00
804,3048,7.0,41.39,cancelled,2026-05-04 11:00:00
805,7233,5.0,19.99,cancelled,2026-05-04 12:00:00
806,2828,2.0,82.74,completed,2026-05-04 13:00:00
807,2917,3.0,,completed,2026-05-04 14:00:00
808,5234,6.0,16.51,cancelled,2026-05-04 15:00:00
809,7988,7.0,,pending,2026-05-04 16:00:00
810,3026,9.0,57.03,completed,2026-05-04 17:00:00
811,4744,1.0,36.96,pending,2026-05-04 18:00:00
812,1009,7.0,16.92,completed,2026-05-04 19:00:00
813,1260,8.0,55.06,completed,2026-05-04 20:00:00
814,7038,3.0,81.51,completed,2026-05-04 21:00:00
815,3219,4.0,73.64,completed,2026-05-04 22:00:00
816,8041,6.0,14.52,pending,2026-05-04 23:00:00
817,3060,7.0,16.56,completed,2026-05-05 00:00:00
818,6287,4.0,46.26,cancelled,2026-05-05 01:00:00
819,2619,8.0,36.58,cancelled,2026-05-05 02:00:00
820,9512,5.0,,pending,2026-05-05 03:00:00
821,2342,1.0,35.29,completed,2026-05-05 04:00:00
822,3832,4.0,82.31,cancelled,2026-05-05 05:00:00
823,3824,3.0,93.63,pending,2026-05-05 06:00:00
824,2994,9.0,46.46,completed,2026-05-05 07:00:00
825,4490,8.0,91.55,cancelled,2026-05-05 08:00:00
826,8984,1.0,38.93,cancelled,2026-05-05 09:00:00
827,2604,6.0,52.88,pending,2026-05-05 10:00:00
828,1235,9.0,,completed,2026-05-05 11:00:00
829,2908,7.0,67.64,completed,2026-05-05 12:00:00
830,9567,4.0,98.11,cancelled,2026-05-05 13:00:00
831,4530,1.0,64.31,cancelled,2026-05-05 14:00:00
832,6256,2.0,42.2,cancelled,2026-05-05 15:00:00
833,3635,5.0,68.3,completed,2026-05-05 16:00:00
834,9162,5.0,21.06,pending,2026-05-05 17:00:00
835,3560,8.0,89.98,pending,2026-05-05 18:00:00
836,6415,6.0,55.28,completed,2026-05-05 19:00:00
837,4391,8.0,50.44,pending,2026-05-05 20:00:00
838,6951,2.0,62.73,cancelled,2026-05-05 21:00:00
839,6468,3.0,66.23,pending,2026-05-05 22:00:00
840,9007,6.0,16.46,pending,2026-05-05 23:00:00
841,7413,3.0,71.44,pending,2026-05-06 00:00:00
842,7941,6.0,31.77,cancelled,2026-05-06 01:00:00
843,5820,6.0,74.26,completed,2026-05-06 02:00:00
844,3898,2.0,84.03,cancelled,2026-05-06 03:00:00
845,8546,7.0,82.36,completed,2026-05-06 04:00:00
846,1077,2.0,59.73,completed,2026-05-06 05:00:00
847,8577,6.0,56.82,completed,2026-05-06 06:00:00
848,5227,1.0,22.86,pending,2026-05-06 07:00:00
849,1600,3.0,79.78,pending,2026-05-06 08:00:00
850,2065,2.0,34.43,completed,2026-05-06 09:00:00
851,3136,7.0,54.7,completed,2026-05-06 10:00:00
852,7943,4.0,35.58,pending,2026-05-06 11:00:00
853,8804,8.0,22.04,cancelled,2026-05-06 12:00:00
854,7565,6.0,66.66,completed,2026-05-06 13:00:00
855,6984,4.0,14.89,cancelled,2026-05-06 14:00:00
856,6142,5.0,77.38,pending,2026-05-06 15:00:00
857,5670,9.0,38.58,completed,2026-05-06 16:00:00
858,3190,7.0,10.01,cancelled,2026-05-06 17:00:00
859,3712,9.0,56.0,cancelled,2026-05-06 18:00:00
860,3192,7.0,14.22,cancelled,2026-05-06 19:00:00
861,2248,1.0,34.86,pending,2026-05-06 20:00:00
862,5033,8.0,73.63,pending,2026-05-06 21:00:00
863,2997,4.0,15.64,cancelled,2026-05-06 22:00:00
864,4687,3.0,85.54,cancelled,2026-05-06 23:00:00
865,5018,7.0,10.34,pending,2026-05-07 00:00:00
866,2970,3.0,32.21,cancelled,2026-05-07 01:00:00
867,9389,8.0,,cancelled,2026-05-07 02:00:00
868,6765,,38.46,pending,2026-05-07 03:00:00
869,2202,5.0,19.17,cancelled,2026-05-07 04:00:00
870,9135,4.0,42.42,cancelled,2026-05-07 05:00:00
871,6567,8.0,34.34,cancelled,2026-05-07 06:00:00
872,8667,8.0,85.84,pending,2026-05-07 07:00:00
873,6742,1.0,38.2,cancelled,2026-05-07 08:00:00
874,6788,9.0,81.0,pending,2026-05-07 09:00:00
875,6408,5.0,90.27,pending,2026-05-07 10:00:00
876,9669,4.0,49.04,completed,2026-05-07 11:00:00
877,1922,6.0,91.89,completed,2026-05-07 12:00:00
878,1419,6.0,43.96,cancelled,2026-05-07 13:00:00
879,3204,2.0,96.77,pending,2026-05-07 14:00:00
880,2120,8.0,18.04,completed,2026-05-07 15:00:00
881,1950,7.0,71.83,cancelled,2026-05-07 16:00:00
882,3336,1.0,54.44,completed,2026-05-07 17:00:00
883,6373,5.0,44.89,completed,2026-05-07 18:00:00
884,3243,6.0,66.94,pending,2026-05-07 19:00:00
885,3645,4.0,73.35,pending,2026-05-07 20:00:00
886,5612,2.0,10.39,completed,2026-05-07 21:00:00
887,2865,4.0,25.03,completed,2026-05-07 22:00:00
888,7028,1.0,74.17,pending,2026-05-07 23:00:00
889,8326,7.0,69.97,cancelled,2026-05-08 00:00:00
890,7371,2.0,96.94,pending,2026-05-08 01:00:00
891,7359,2.0,78.49,completed,2026-05-08 02:00:00
892,8863,9.0,95.57,cancelled,2026-05-08 03:00:00
893,4228,5.0,73.23,completed,2026-05-08 04:00:00
894,4719,2.0,36.82,cancelled,2026-05-08 05:00:00
895,3371,9.0,19.48,completed,2026-05-08 06:00:00
896,3891,,80.36,cancelled,2026-05-08 07:00:00
897,4756,1.0,67.97,cancelled,2026-05-08 08:00:00
898,5225,3.0,14.34,completed,2026-05-08 09:00:00
899,1094,4.0,42.4,cancelled,2026-05-08 10:00:00
900,3674,7.0,96.11,pending,2026-05-08 11:00:00
901,7898,4.0,55.04,completed,2026-05-08 12:00:00
902,1793,2.0,48.95,pending,2026-05-08 13:00:00
903,3116,,51.19,completed,2026-05-08 14:00:00
904,6779,6.0,28.8,cancelled,2026-05-08 15:00:00
905,7166,3.0,43.18,cancelled,2026-05-08 16:00:00
906,1814,6.0,43.28,cancelled,2026-05-08 17:00:00
907,1345,6.0,14.71,completed,2026-05-08 18:00:00
908,9554,5.0,79.08,pending,2026-05-08 19:00:00
909,3443,4.0,47.49,pending,2026-05-08 20:00:00
910,8783,1.0,84.0,completed,2026-05-08 21:00:00
911,1984,6.0,86.53,completed,2026-05-08 22:00:00
912,8790,,29.08,pending,2026-05-08 23:00:00
913,1827,3.0,69.16,pending,2026-05-09 00:00:00
914,4531,8.0,52.51,pending,2026-05-09 01:00:00
915,8147,6.0,89.21,pending,2026-05-09 02:00:00
916,5451,3.0,29.42,completed,2026-05-09 03:00:00
917,4876,7.0,71.0,completed,2026-05-09 04:00:00
918,6959,4.0,64.7,cancelled,2026-05-09 05:00:00
919,1126,9.0,36.58,pending,2026-05-09 06:00:00
920,4177,5.0,22.29,cancelled,2026-05-09 07:00:00
921,9795,3.0,68.65,completed,2026-05-09 08:00:00
922,7024,2.0,76.47,completed,2026-05-09 09:00:00
923,6109,2.0,38.41,cancelled,2026-05-09 10:00:00
924,5146,3.0,68.03,pending,2026-05-09 11:00:00
925,8196,2.0,45.56,pending,2026-05-09 12:00:00
926,4368,-5.0,74.19,pending,2026-05-09 13:00:00
927,4797,2.0,27.93,pending,2026-05-09 14:00:00
928,2792,9.0,90.12,cancelled,2026-05-09 15:00:00
929,6732,2.0,35.87,cancelled,2026-05-09 16:00:00
930,4476,9.0,43.1,completed,2026-05-09 17:00:00
931,4417,6.0,15.23,pending,2026-05-09 18:00:00
932,2645,,20.04,pending,2026-05-09 19:00:00
933,4030,4.0,56.43,pending,2026-05-09 20:00:00
934,3872,1.0,34.08,cancelled,2026-05-09 21:00:00
935,4072,6.0,85.19,pending,2026-05-09 22:00:00
936,2854,4.0,11.32,cancelled,2026-05-09 23:00:00
937,5021,3.0,44.12,pending,2026-05-10 00:00:00
938,5662,3.0,40.36,pending,2026-05-10 01:00:00
939,7514,9.0,11.74,completed,2026-05-10 02:00:00
940,6031,6.0,21.19,pending,2026-05-10 03:00:00
941,3708,9.0,47.23,pending,2026-05-10 04:00:00
942,8112,5.0,54.36,completed,2026-05-10 05:00:00
943,9393,2.0,46.39,cancelled,2026-05-10 06:00:00
944,4507,8.0,57.78,cancelled,2026-05-10 07:00:00
945,7456,,63.56,pending,2026-05-10 08:00:00
946,5212,2.0,10.89,cancelled,2026-05-10 09:00:00
947,8970,4.0,51.77,pending,2026-05-10 10:00:00
948,9766,9.0,96.71,completed,2026-05-10 11:00:00
949,1536,4.0,56.71,completed,2026-05-10 12:00:00
950,2625,4.0,70.98,pending,2026-05-10 13:00:00
951,8973,2.0,38.07,completed,2026-05-10 14:00:00
952,9577,6.0,79.66,completed,2026-05-10 15:00:00
953,9070,2.0,79.56,pending,2026-05-10 16:00:00
954,9666,7.0,56.92,pending,2026-05-10 17:00:00
955,9609,3.0,97.84,completed,2026-05-10 18:00:00
956,7490,3.0,21.3,cancelled,2026-05-10 19:00:00
957,4600,5.0,11.53,cancelled,2026-05-10 20:00:00
958,7783,3.0,79.31,pending,2026-05-10 21:00:00
959,5971,2.0,82.64,pending,2026-05-10 22:00:00
960,2205,9.0,,cancelled,2026-05-10 23:00:00
961,2990,2.0,33.9,completed,2026-05-11 00:00:00
962,6299,2.0,,cancelled,2026-05-11 01:00:00
963,4572,8.0,36.4,cancelled,2026-05-11 02:00:00
964,6975,9.0,79.58,cancelled,2026-05-11 03:00:00
965,7320,7.0,56.62,cancelled,2026-05-11 04:00:00
966,5380,3.0,41.33,pending,2026-05-11 05:00:00
967,5757,9.0,43.46,pending,2026-05-11 06:00:00
968,3713,3.0,10.12,completed,2026-05-11 07:00:00
969,6588,5.0,36.98,completed,2026-05-11 08:00:00
970,1966,9.0,68.18,completed,2026-05-11 09:00:00
971,5944,3.0,97.68,completed,2026-05-11 10:00:00
972,4432,7.0,86.24,cancelled,2026-05-11 11:00:00
973,1688,1.0,12.12,pending,2026-05-11 12:00:00
974,5243,4.0,90.87,pending,2026-05-11 13:00:00
975,4701,4.0,80.49,completed,2026-05-11 14:00:00
976,9533,7.0,80.23,completed,2026-05-11 15:00:00
977,6182,8.0,51.22,cancelled,2026-05-11 16:00:00
978,7704,,45.82,cancelled,2026-05-11 17:00:00
979,5422,5.0,37.26,completed,2026-05-11 18:00:00
980,2759,7.0,15.91,pending,2026-05-11 19:00:00
981,3482,4.0,30.54,pending,2026-05-11 20:00:00
982,9058,4.0,32.19,pending,2026-05-11 21:00:00
983,1951,4.0,53.57,completed,2026-05-11 22:00:00
984,9914,6.0,77.27,pending,2026-05-11 23:00:00
985,3079,7.0,52.64,cancelled,2026-05-12 00:00:00
986,3717,2.0,15.21,cancelled,2026-05-12 01:00:00
987,5524,5.0,96.2,completed,2026-05-12 02:00:00
988,9477,4.0,94.85,cancelled,2026-05-12 03:00:00
989,8311,3.0,80.67,completed,2026-05-12 04:00:00
990,8186,7.0,99.22,pending,2026-05-12 05:00:00
991,3065,6.0,59.0,pending,2026-05-12 06:00:00
992,1768,7.0,96.65,pending,2026-05-12 07:00:00
993,6490,5.0,16.8,cancelled,2026-05-12 08:00:00
994,7645,6.0,42.91,completed,2026-05-12 09:00:00
995,6083,5.0,30.28,pending,2026-05-12 10:00:00
996,6232,7.0,27.62,completed,2026-05-12 11:00:00
997,6797,2.0,22.67,pending,2026-05-12 12:00:00
998,5926,5.0,66.02,cancelled,2026-05-12 13:00:00
999,7016,6.0,80.32,cancelled,2026-05-12 14:00:00
1000,4335,6.0,62.05,completed,2026-05-12 15:00:00
230,2648,4.0,33.34,pending,2026-04-10 13:00:00
777,6622,3.0,42.28,completed,2026-05-03 08:00:00
437,1412,5.0,37.36,completed,2026-04-19 04:00:00
142,6864,9.0,75.38,cancelled,2026-04-06 21:00:00
658,7941,1.0,70.94,cancelled,2026-04-28 09:00:00
589,4324,1.0,44.55,pending,2026-04-25 12:00:00
113,8721,4.0,75.56,cancelled,2026-04-05 16:00:00
297,2895,9.0,20.33,cancelled,2026-04-13 08:00:00
374,6237,4.0,82.32,cancelled,2026-04-16 13:00:00
89,6892,6.0,69.08,completed,2026-04-04 16:00:00
102,9110,,89.82,cancelled,2026-04-05 05:00:00
878,1419,6.0,43.96,cancelled,2026-05-07 13:00:00
788,8489,1.0,76.41,pending,2026-05-03 19:00:00
419,2066,4.0,98.12,cancelled,2026-04-18 10:00:00
136,6450,1.0,67.27,completed,2026-04-06 15:00:00
243,9352,9.0,75.66,cancelled,2026-04-11 02:00:00
305,1154,2.0,53.62,cancelled,2026-04-13 16:00:00
53,4073,7.0,11.09,completed,2026-04-03 04:00:00
929,6732,2.0,35.87,cancelled,2026-05-09 16:00:00
466,8186,1.0,11.62,pending,2026-04-20 09:00:00
